account_id_a,account_id_b,decision,decided_by,decided_at,note
0018a0000000b54AAA,0018a000001CcyAAAS,approve,simulated_steward,2026-09-15,same company
0018a0000000d8nAAA,001Hbko55OMRROYIQ5,reject,simulated_steward,2026-09-15,different companies
0018a0000000lNhAAI,0018a000001634SAAQ,reject,simulated_steward,2026-09-15,different companies
0018a0000001KP2AAM,0018a000001CIMuAAO,approve,simulated_steward,2026-09-15,same company
0018a0000002WZAAA2,0018a000001CGJBAA4,approve,simulated_steward,2026-09-15,same company
0018a0000005FUgAAM,0018a0000017yYYAAY,approve,simulated_steward,2026-09-15,same company
0018a0000005NjaAAE,0018a00000180cHAAQ,approve,simulated_steward,2026-09-15,same company
0018a0000006i8cAAA,0018a00000186nSAAQ,approve,simulated_steward,2026-09-15,same company
0018a0000008CqHAAU,0018a0000018CydAAE,approve,simulated_steward,2026-09-15,same company
0018a0000008dciAAA,0018a0000018H65AAE,approve,simulated_steward,2026-09-15,same company
0018a000000AhLiAAK,001FnWWVhcIXFm2IHH,reject,simulated_steward,2026-09-15,different companies
0018a000000CrFtAAK,0018a000001CKQdAAO,approve,simulated_steward,2026-09-15,same company
0018a000000EmjzAAC,0018a0000018VWAAA2,approve,simulated_steward,2026-09-15,same company
0018a000000EqrRAAS,0018a0000018XZtAAM,approve,simulated_steward,2026-09-15,same company
0018a000000FPsmAAG,0018a0000010GcAAAU,reject,simulated_steward,2026-09-15,different companies
0018a000000FPsmAAG,0018a000001AtqQAAS,reject,simulated_steward,2026-09-15,different companies
0018a000000FumfAAC,0018a000000VCQXAA4,reject,simulated_steward,2026-09-15,different companies
0018a000000Fyu7AAC,0018a000000uqorAAA,reject,simulated_steward,2026-09-15,different companies
0018a000000GiE5AAK,0018a000000jszLAAQ,reject,simulated_steward,2026-09-15,different companies
0018a000000GyhtAAC,0018a0000013cgTAAQ,reject,simulated_steward,2026-09-15,different companies
0018a000000GyhtAAC,0018a000001B01bAAC,reject,simulated_steward,2026-09-15,different companies
0018a000000IAs1AAG,0018a000000nNIYAA2,reject,simulated_steward,2026-09-15,different companies
0018a000000J4UcAAK,0018a0000018dl4AAA,approve,simulated_steward,2026-09-15,same company
0018a000000Ld7VAAS,0018a0000018jwFAAQ,approve,simulated_steward,2026-09-15,same company
0018a000000MGGIAA4,0018a0000018q7QAAQ,approve,simulated_steward,2026-09-15,same company
0018a000000MvSoAAK,0018a000000UAZ2AAO,reject,simulated_steward,2026-09-15,different companies
0018a000000NUU9AAO,0018a000000jmoAAAQ,reject,simulated_steward,2026-09-15,different companies
0018a000000Q5AlAAK,0018a0000018yMKAAY,approve,simulated_steward,2026-09-15,same company
0018a000000SZgCAAW,0018a00000194XVAAY,approve,simulated_steward,2026-09-15,same company
0018a000000U2K8AAK,0018a0000019CmPAAU,approve,simulated_steward,2026-09-15,same company
0018a000000XG9XAAW,0018a0000019L1JAAU,approve,simulated_steward,2026-09-15,same company
0018a000000XrEbAAK,0018a0000019RCUAA2,approve,simulated_steward,2026-09-15,same company
0018a000000YBprAAG,0018a0000019VJwAAM,approve,simulated_steward,2026-09-15,same company
0018a000000ZLwGAAW,0018a0000019fcZAAQ,approve,simulated_steward,2026-09-15,same company
0018a000000Zqq9AAC,0018a000001CA80AAG,approve,simulated_steward,2026-09-15,same company
0018a000000buZ9AAI,0018a000001CMUMAA4,approve,simulated_steward,2026-09-15,same company
0018a000000bwcsAAA,0018a0000019pvCAAQ,approve,simulated_steward,2026-09-15,same company
0018a000000cLLaAAM,0018a0000013r6YAAQ,reject,simulated_steward,2026-09-15,different companies
0018a000000dnzWAAQ,0018a000000v7IfAAI,reject,simulated_steward,2026-09-15,different companies
0018a000000hWioAAE,0018a000001A4LHAA0,approve,simulated_steward,2026-09-15,same company
0018a000000i3gQAAQ,0018a000001A6P0AAK,approve,simulated_steward,2026-09-15,same company
0018a000000iBvKAAU,0018a000000lsatAAA,reject,simulated_steward,2026-09-15,different companies
0018a000000iI6VAAU,0018a000001CauRAAS,approve,simulated_steward,2026-09-15,same company
0018a000000j9fNAAQ,0018a000001AAWSAA4,approve,simulated_steward,2026-09-15,same company
0018a000000lRoSAAU,0018a000001CWmzAAG,approve,simulated_steward,2026-09-15,same company
0018a000000n2hIAAQ,0018a000001AMsoAAG,approve,simulated_steward,2026-09-15,same company
0018a000000n6okAAA,0018a000001COY5AAO,approve,simulated_steward,2026-09-15,same company
0018a000000njxXAAQ,0018a0000010xsPAAQ,reject,simulated_steward,2026-09-15,different companies
0018a000000qb7xAAA,0018a000001CYqiAAG,approve,simulated_steward,2026-09-15,same company
0018a000000sKFhAAM,0018a000001AT3zAAG,approve,simulated_steward,2026-09-15,same company
0018a000000t1VwAAI,0018a000001CEFSAA4,approve,simulated_steward,2026-09-15,same company
0018a000000vPqCAAU,0018a000001AfQLAA0,approve,simulated_steward,2026-09-15,same company
0018a000000wuXrAAI,0018a000001CQboAAG,approve,simulated_steward,2026-09-15,same company
0018a000000xNO1AAM,0018a000001CCBjAAO,approve,simulated_steward,2026-09-15,same company
0018a000000yCtAAAU,0018a000001CSfXAAW,approve,simulated_steward,2026-09-15,same company
0018a000000yNBnAAM,0018a000001AlbWAAS,approve,simulated_steward,2026-09-15,same company
0018a000000yVQhAAM,0018a000001AnfFAAS,approve,simulated_steward,2026-09-15,same company
0018a000000zEkfAAE,0018a000001CUjGAAW,approve,simulated_steward,2026-09-15,same company
0018a0000013I5DAAU,0018a000001AxxsAAC,approve,simulated_steward,2026-09-15,same company
0018a000001AGhdAAG,0018a000001CWmzAAG,approve,simulated_steward,2026-09-15,same company
001FjqUd5Y2nZyQISU,001YiJ3OyVFIa5PIVT,reject,simulated_steward,2026-09-15,different companies
001FjqUd5Y2nZyQISU,001rhmg9nSWjfCOAQZ,reject,simulated_steward,2026-09-15,different companies
001YiJ3OyVFIa5PIVT,001rhmg9nSWjfCOAQZ,reject,simulated_steward,2026-09-15,different companies
