month_end,close_date
2024-01-31,2024-02-05
2024-02-29,2024-03-04
2024-03-31,2024-04-03
2024-04-30,2024-05-03
2024-05-31,2024-06-03
2024-06-30,2024-07-03
2024-07-31,2024-08-05
2024-08-31,2024-09-03
2024-09-30,2024-10-03
2024-10-31,2024-11-04
2024-11-30,2024-12-03
2024-12-31,2025-01-03
2025-01-31,2025-02-03
2025-02-28,2025-03-03
2025-03-31,2025-04-03
2025-04-30,2025-05-05
2025-05-31,2025-06-03
2025-06-30,2025-07-03
2025-07-31,2025-08-04
2025-08-31,2025-09-03
2025-09-30,2025-10-03
2025-10-31,2025-11-03
2025-11-30,2025-12-03
2025-12-31,2026-01-05
2026-01-31,2026-02-03
2026-02-28,2026-03-03
2026-03-31,2026-04-03
2026-04-30,2026-05-04
2026-05-31,2026-06-03
2026-06-30,2026-07-03
2026-07-31,2026-08-03
2026-08-31,2026-09-03
2026-09-30,2026-10-05
2026-10-31,2026-11-03
2026-11-30,2026-12-03
2026-12-31,2027-01-04
2027-01-31,2027-02-03
2027-02-28,2027-03-03
2027-03-31,2027-04-05
2027-04-30,2027-05-03
2027-05-31,2027-06-03
2027-06-30,2027-07-05
2027-07-31,2027-08-03
2027-08-31,2027-09-03
2027-09-30,2027-10-04
2027-10-31,2027-11-03
2027-11-30,2027-12-03
2027-12-31,2028-01-03
