week_start,week_index,commit_usd,best_case_usd
2026-07-06,1,12775726.03,13618081.59
2026-07-13,2,13162869.24,14030750.73
2026-07-20,3,13453226.65,14340252.58
2026-07-27,4,13743584.06,14649754.44
2026-08-03,5,14033941.47,14959256.29
2026-08-10,6,13840369.86,14752921.72
2026-08-17,7,13646798.26,14546587.15
2026-08-24,8,13453226.65,14340252.58
2026-08-31,9,13356440.85,14237085.3
2026-09-07,10,13259655.04,14133918.01
2026-09-14,11,13162869.24,14030750.73
2026-09-21,12,13066083.44,13927583.44
2026-09-28,13,12969297.63,13824416.16
