month_end,segment,arr_usd,net_new_usd,bookings_usd,nrr_plan,grr_plan
2026-01-31,Enterprise,55137127.15368604,8265246.205055438,6949008.774091769,1.0339328814001967,0.9237367880802764
2026-01-31,Mid-market,29436578.362148687,1564407.872223678,157692.3076923077,1.0339328814001967,0.9237367880802764
2026-01-31,SMB,7538280.480784153,649084.7976570288,0.0,1.0339328814001967,0.9237367880802764
2026-01-31,Startups,953995.3713743917,151119.05554607348,0.0,1.0339328814001967,0.9237367880802764
2026-01-31,Public sector,11540769.437801039,525842.6134649994,0.0,1.0339328814001967,0.9237367880802764
2026-02-28,Enterprise,57746646.86542966,2401063.2601801576,2430902.757838158,1.0339328814001967,0.9237367880802764
2026-02-28,Mid-market,31248578.136050213,1698432.6605499275,2114241.43424115,1.0339328814001967,0.9237367880802764
2026-02-28,SMB,8045217.5058063865,477620.902891602,466086.7419674906,1.0339328814001967,0.9237367880802764
2026-02-28,Startups,996588.9497178858,39000.71433521819,23746.342857142856,1.0339328814001967,0.9237367880802764
2026-02-28,Public sector,12351047.187828558,765210.3010814824,1096845.7294114071,1.0339328814001967,0.9237367880802764
2026-03-31,Enterprise,59514951.20171873,1616922.0955499082,439269.43396226416,1.0339328814001967,0.9237367880802764
2026-03-31,Mid-market,32686663.41408742,1352405.6940535996,1536659.857715226,1.0339328814001967,0.9237367880802764
2026-03-31,SMB,8616972.66869481,548120.9300063283,395822.03273603885,1.0339328814001967,0.9237367880802764
2026-03-31,Startups,1040389.1863041128,41083.84999999999,36488.15094339623,1.0339328814001967,0.9237367880802764
2026-03-31,Public sector,13267720.04127803,880085.2976405483,583762.4706061785,1.0339328814001967,0.9237367880802764
2026-04-30,Enterprise,60560533.347569555,792158.0495281004,810146.1915743464,1.0339328814001967,0.9237367880802764
2026-04-30,Mid-market,33786601.89006262,954515.0858978453,1418193.8804569608,1.0339328814001967,0.9237367880802764
2026-04-30,SMB,8817824.322728163,163572.20679025492,371857.02554010495,1.0339328814001967,0.9237367880802764
2026-04-30,Startups,1091717.7773003164,46506.23234423959,82300.82800449476,1.0339328814001967,0.9237367880802764
2026-04-30,Public sector,13716083.598007418,389312.8490245397,434169.79881756083,1.0339328814001967,0.9237367880802764
2026-05-31,Enterprise,61210620.49422381,402453.6,983763.7383177569,1.0339328814001967,0.9237367880802764
2026-05-31,Mid-market,34824761.88055776,889342.1549872874,1845337.5357429131,1.0339328814001967,0.9237367880802764
2026-05-31,SMB,9137683.980925072,280248.11120210297,385702.2691733069,1.0339328814001967,0.9237367880802764
2026-05-31,Startups,1112811.5428189547,16481.70805846973,30679.906350431967,1.0339328814001967,0.9237367880802764
2026-05-31,Public sector,14068529.645086346,293121.0336960302,383834.72893719096,1.0339328814001967,0.9237367880802764
2026-06-30,Enterprise,61927735.153559335,621739.5076810794,677345.7619207375,1.0339328814001967,0.9237367880802764
2026-06-30,Mid-market,35449383.720322445,566645.807547982,1124925.5564263272,1.0339328814001967,0.9237367880802764
2026-06-30,SMB,9489073.114847148,332962.3743420386,643203.3017491881,1.0339328814001967,0.9237367880802764
2026-06-30,Startups,1157333.8765164807,42248.62785778833,119064.19667191821,1.0339328814001967,0.9237367880802764
2026-06-30,Public sector,14468272.34111921,373794.3453237708,624615.9088409194,1.0339328814001967,0.9237367880802764
2026-07-31,Enterprise,62270419.1638941,499444.6847097463,618796.1165048544,1.0339328814001967,0.9237367880802764
2026-07-31,Mid-market,35765323.212885365,403933.6146733494,883923.5812892326,1.0339328814001967,0.9237367880802764
2026-07-31,SMB,9740361.579590574,272419.9016033834,302947.0916633339,1.0339328814001967,0.9237367880802764
2026-07-31,Startups,1185806.9569661014,31081.98596060936,32285.559466558498,1.0339328814001967,0.9237367880802764
2026-07-31,Public sector,14900611.338744877,463843.85876932356,620676.2948850181,1.0339328814001967,0.9237367880802764
2026-08-31,Enterprise,64856969.775485456,2791479.337868166,4381383.367008796,1.0339328814001967,0.9237367880802764
2026-08-31,Mid-market,37254594.41064047,1149635.2455505577,2086442.9346961891,1.0339328814001967,0.9237367880802764
2026-08-31,SMB,9992677.175772784,190177.20533191646,205496.43716503968,1.0339328814001967,0.9237367880802764
2026-08-31,Startups,1175986.5974397059,-16558.877883975114,53630.686292345395,1.0339328814001967,0.9237367880802764
2026-08-31,Public sector,15353210.340406535,656183.1367972812,483929.56660152815,1.0339328814001967,0.9237367880802764
